Gene_id,Phi
lcl|NC_001139.9_cds_NP_011305.1_1912,0.662576973438
lcl|NC_001142.9_cds_NP_012585.1_3157,0.970312833786
lcl|NC_001144.5_cds_NP_013287.1_3835,1.21520650387
lcl|NC_001142.9_cds_NP_012397.1_2979,8.21570014954
lcl|NC_001136.10_cds_NP_010523.3_1146,0.908871054649
lcl|NC_001144.5_cds_NP_013229.1_3769,0.162708058953
lcl|NC_001148.4_cds_NP_015425.1_5884,0.429223328829
lcl|NC_001147.6_cds_NP_014931.3_5412,0.301613122225
lcl|NC_001134.8_cds_NP_009530.1_182,1.01139581203
lcl|NC_001142.9_cds_NP_012576.1_3148,0.31352943182
lcl|NC_001143.9_cds_NP_012735.1_3301,0.219280853868
lcl|NC_001145.3_cds_NP_013735.1_4259,0.54037463665
lcl|NC_001148.4_cds_NP_015113.1_5589,1.08439397812
lcl|NC_001137.3_cds_NP_010938.1_1546,1.14499104023
lcl|NC_001144.5_cds_NP_013296.1_3844,1.0141825676
lcl|NC_001139.9_cds_NP_011290.1_1900,2.8105969429
lcl|NC_001136.10_cds_NP_010759.1_1376,4.98377466202
lcl|NC_001138.5_cds_NP_116636.1_1781,0.265343040228
lcl|NC_001136.10_cds_NP_010748.3_1365,0.273250639439
lcl|NC_001146.8_cds_NP_014178.1_4681,0.258561700583
lcl|NC_001148.4_cds_NP_015258.1_5729,0.282087773085
lcl|NC_001148.4_cds_NP_015090.1_5566,1.77165079117
lcl|NC_001139.9_cds_NP_011609.2_2205,0.37862226367
lcl|NC_001147.6_cds_NP_014495.2_4992,0.200232729316
lcl|NC_001148.4_cds_NP_015244.1_5716,4.80749368668
lcl|NC_001148.4_cds_NP_015052.1_5528,0.741729557514
lcl|NC_001142.9_cds_NP_012591.1_3163,0.313510149717
lcl|NC_001136.10_cds_NP_010200.1_835,9.33049678802
lcl|NC_001145.3_cds_NP_013784.1_4305,0.099022321403
lcl|NC_001144.5_cds_NP_013129.1_3674,9.6112575531
lcl|NC_001146.8_cds_NP_014097.1_4604,8.16776943207
lcl|NC_001136.10_cds_NP_010201.1_836,6.29236936569
lcl|NC_001144.5_cds_NP_013218.1_3760,0.175002470613
lcl|NC_001145.3_cds_NP_013810.1_4329,1.04054760933
lcl|NC_001144.5_cds_NP_013092.1_3636,0.658427476883
lcl|NC_001133.9_cds_NP_009381.1_50,0.655369699001
lcl|NC_001147.6_cds_NP_014621.1_5115,1.10637056828
lcl|NC_001139.9_cds_NP_011588.3_2184,0.607070326805
lcl|NC_001136.10_cds_NP_010377.3_1002,0.434830665588
lcl|NC_001143.9_cds_NP_012901.3_3454,1.6987913847
lcl|NC_001139.9_cds_NP_011645.3_2239,0.245158433914
lcl|NC_001147.6_cds_NP_014850.1_5338,1.65640461445
lcl|NC_001146.8_cds_NP_014257.1_4754,1.79277551174
lcl|NC_001144.5_cds_NP_013416.2_3957,0.20866663754
lcl|NC_001147.6_cds_NP_014788.1_5278,0.998799443245
lcl|NC_001146.8_cds_NP_014154.1_4660,0.182939291
lcl|NC_001141.2_cds_NP_012300.3_2896,1.57824218273
lcl|NC_001148.4_cds_NP_015232.1_5704,3.14876532555
lcl|NC_001143.9_cds_NP_012770.1_3332,10.4428386688
lcl|NC_001146.8_cds_NP_014289.1_4786,0.950643062592
lcl|NC_001141.2_cds_NP_012133.1_2730,5.9415769577
lcl|NC_001144.5_cds_NP_013528.1_4064,0.175751417875
lcl|NC_001143.9_cds_NP_012777.1_3338,1.81707108021
lcl|NC_001137.3_cds_NP_010929.3_1536,0.24834947288
lcl|NC_001135.5_cds_NP_010009.1_655,0.132273882627
lcl|NC_001142.9_cds_NP_012608.1_3179,0.619466483593
lcl|NC_001134.8_cds_NP_009552.1_204,4.96926355362
lcl|NC_001134.8_cds_NP_009460.1_114,11.1375436783
lcl|NC_001142.9_cds_NP_012318.1_2911,0.412968218327
lcl|NC_001135.5_cds_NP_009990.1_635,0.365857690573
lcl|NC_001140.6_cds_NP_011871.1_2461,4.7967672348
lcl|NC_001133.9_cds_NP_009369.1_38,0.144042432308
lcl|NC_001136.10_cds_NP_010738.1_1356,9.42019271851
lcl|NC_001134.8_cds_NP_009526.1_178,8.4707326889
lcl|NC_001143.9_cds_NP_013002.3_3552,1.35162830353
lcl|NC_001136.10_cds_NP_010439.1_1061,5.63076734543
lcl|NC_001139.9_cds_NP_011778.1_2370,0.716625154018
lcl|NC_001144.5_cds_NP_013419.1_3960,0.153067857027
lcl|NC_001148.4_cds_NP_015433.1_5892,1.20445537567
lcl|NC_001148.4_cds_NP_015111.1_5587,0.267160713673
lcl|NC_001139.9_cds_NP_011314.2_1921,1.04653596878
lcl|NC_001136.10_cds_NP_010666.2_1291,0.573424696922
lcl|NC_001147.6_cds_NP_014593.1_5089,0.673510372639
lcl|NC_001136.10_cds_NP_010671.4_1298,0.195969849825
lcl|NC_001142.9_cds_NP_012434.1_3016,0.323945373297
lcl|NC_001134.8_cds_NP_009633.3_284,0.370678901672
lcl|NC_001141.2_cds_NP_012274.1_2869,0.181614950299
lcl|NC_001145.3_cds_NP_013824.1_4344,0.283071815968
lcl|NC_001136.10_cds_NP_010145.1_732,10.6510124207
lcl|NC_001148.4_cds_NP_015457.1_5914,9.64198303223
lcl|NC_001140.6_cds_NP_011956.1_2550,0.837823450565
lcl|NC_001144.5_cds_NP_013513.3_4047,0.928731799126
lcl|NC_001136.10_cds_NP_010373.3_998,0.317189753056
lcl|NC_001141.2_cds_NP_012196.1_2794,0.209685191512
lcl|NC_001147.6_cds_NP_014633.1_5128,0.813226342201
lcl|NC_001143.9_cds_NP_012766.1_3329,2.8468208313
lcl|NC_001135.5_cds_NP_009887.1_536,4.05323791504
lcl|NC_001147.6_cds_NP_014811.3_5301,2.08726143837
lcl|NC_001145.3_cds_NP_013862.1_4381,8.15020656586
lcl|NC_001139.9_cds_NP_116577.1_1973,0.699863553047
lcl|NC_001145.3_cds_NP_013830.1_4350,0.190896347165
lcl|NC_001142.9_cds_NP_012559.1_3133,0.677767217159
lcl|NC_001140.6_cds_NP_012018.1_2611,0.651467442513
lcl|NC_001136.10_cds_NP_010292.1_917,0.431697577238
lcl|NC_001136.10_cds_NP_010185.1_821,0.217636793852
lcl|NC_001136.10_cds_NP_010349.3_973,9.4514465332
lcl|NC_001143.9_cds_NP_012710.1_3278,1.43313682079
lcl|NC_001148.4_cds_NP_015152.1_5625,0.447108954191
lcl|NC_001146.8_cds_NP_014337.3_4833,0.672908902168
lcl|NC_001148.4_cds_NP_015099.1_5575,1.77973008156
lcl|NC_001136.10_cds_NP_010787.3_1402,0.125491350889
lcl|NC_001134.8_cds_NP_009642.3_293,1.33893656731
lcl|NC_001136.10_cds_NP_010205.1_840,0.995796024799
lcl|NC_001146.8_cds_NP_014277.1_4776,0.230213165283
lcl|NC_001144.5_cds_NP_013207.1_3749,0.737356841564
lcl|NC_001136.10_cds_NP_010462.3_1085,0.636944651604
lcl|NC_001147.6_cds_NP_014577.1_5074,1.17936944962
lcl|NC_001147.6_cds_NP_014928.1_5409,0.667279958725
lcl|NC_001137.3_cds_NP_010928.1_1535,1.29695808887
lcl|NC_001142.9_cds_NP_012673.3_3244,4.14016056061
lcl|NC_001145.3_cds_NP_013770.1_4292,0.83905428648
lcl|NC_001147.6_cds_NP_014521.1_5017,9.62122154236
lcl|NC_001148.4_cds_NP_015499.1_5960,0.967672228813
lcl|NC_001148.4_cds_NP_015419.1_5879,0.279031932354
lcl|NC_001134.8_cds_NP_009693.3_340,0.433917850256
lcl|NC_001142.9_cds_NP_012523.2_3100,0.308329939842
lcl|NC_001136.10_cds_NP_010295.3_920,11.2678918839
lcl|NC_001148.4_cds_NP_015084.1_5561,4.82766723633
lcl|NC_001142.9_cds_NP_012439.2_3021,1.00426602364
lcl|NC_001137.3_cds_NP_010925.1_1532,2.84940099716
lcl|NC_001144.5_cds_NP_013286.1_3834,7.1094045639
lcl|NC_001135.5_cds_NP_009985.1_632,0.560201406479
lcl|NC_001140.6_cds_NP_011894.1_2486,0.711405873299
lcl|NC_001134.8_cds_NP_009611.1_261,0.202776998281
lcl|NC_001145.3_cds_NP_013812.1_4331,0.148726731539
lcl|NC_001138.5_cds_NP_116708.1_1854,0.670172810555
lcl|NC_001144.5_cds_NP_013510.3_4043,6.63061094284
lcl|NC_001134.8_cds_NP_009563.1_215,7.58850717545
lcl|NC_001137.3_cds_NP_010939.1_1547,0.467649281025
lcl|NC_001139.9_cds_NP_011703.3_2299,0.992492198944
lcl|NC_001134.8_cds_NP_009523.1_174,5.22655248642
lcl|NC_001148.4_cds_NP_015357.1_5826,0.434424757957
lcl|NC_001146.8_cds_NP_014273.1_4772,0.119216628373
lcl|NC_001134.8_cds_NP_009595.1_246,2.71519565582
lcl|NC_001148.4_cds_NP_015324.1_5794,0.33817717433
lcl|NC_001141.2_cds_NP_012113.1_2710,0.158606886864
lcl|NC_001143.9_cds_NP_012951.1_3505,0.599421441555
lcl|NC_001134.8_cds_NP_009831.3_479,0.337833583355
lcl|NC_001139.9_cds_NP_011313.1_1920,2.28106999397
lcl|NC_001134.8_cds_NP_009525.1_177,1.6335105896
lcl|NC_001146.8_cds_NP_014067.1_4577,5.18397378922
lcl|NC_001139.9_cds_NP_011395.1_1997,1.44101476669
lcl|NC_001142.9_cds_NP_012582.1_3154,3.07809925079
lcl|NC_001136.10_cds_NP_010447.3_1069,0.154763147235
lcl|NC_001142.9_cds_NP_012344.1_2933,5.26018190384
lcl|NC_001145.3_cds_NP_013834.1_4354,9.26463985443
lcl|NC_001136.10_cds_NP_010715.3_1337,1.1856648922
lcl|NC_001146.8_cds_NP_014338.3_4834,1.80981326103
lcl|NC_001141.2_cds_NP_012183.2_2781,0.999777257442
lcl|NC_001134.8_cds_NP_009804.1_452,1.10487544537
lcl|NC_001140.6_cds_NP_011907.1_2499,0.116748645902
lcl|NC_001145.3_cds_NP_013863.2_4382,6.55667638779
lcl|NC_001147.6_cds_NP_014520.1_5016,8.86472415924
lcl|NC_001140.6_cds_NP_011908.1_2500,1.82102537155
lcl|NC_001136.10_cds_NP_010440.1_1062,1.04702341557
lcl|NC_001146.8_cds_NP_878153.1_4758,0.198091208935
lcl|NC_001144.5_cds_NP_013409.1_3950,0.338308334351
lcl|NC_001136.10_cds_NP_010798.1_1412,2.35906910896
lcl|NC_001136.10_cds_NP_010518.1_1141,1.78342747688
lcl|NC_001145.3_cds_NP_013953.1_4468,1.54929816723
lcl|NC_001138.5_cds_NP_116711.3_1857,4.29559707642
lcl|NC_001145.3_cds_NP_013987.1_4504,2.96559524536
lcl|NC_001141.2_cds_NP_012190.1_2787,1.09263312817
lcl|NC_001138.5_cds_NP_116640.1_1785,5.77425146103
lcl|NC_001140.6_cds_NP_011905.1_2497,2.98939704895
lcl|NC_001137.3_cds_NP_011092.1_1703,4.4353427887
lcl|NC_001136.10_cds_NP_010704.1_1328,0.3078969419
lcl|NC_001148.4_cds_NP_015297.1_5768,3.17282629013
lcl|NC_001147.6_cds_NP_014514.1_5010,7.88954591751
lcl|NC_001143.9_cds_NP_012792.1_3352,0.398469865322
lcl|NC_001147.6_cds_NP_014669.1_5164,0.200580611825
lcl|NC_001144.5_cds_NP_013485.1_4020,0.214937373996
lcl|NC_001135.5_cds_NP_009904.2_553,2.04656052589
lcl|NC_001141.2_cds_NP_012124.1_2721,1.39085638523
lcl|NC_001143.9_cds_NP_012916.1_3471,2.17163276672
lcl|NC_001148.4_cds_NP_015360.2_5829,4.82040119171
lcl|NC_001145.3_cds_NP_013629.1_4153,0.640403568745
lcl|NC_001134.8_cds_NP_009645.1_297,1.79593706131
lcl|NC_001144.5_cds_NP_013545.3_4079,0.187977641821
lcl|NC_001147.6_cds_NP_014786.1_5276,0.616337656975
lcl|NC_001142.9_cds_NP_012424.1_3006,1.32281017303
lcl|NC_001143.9_cds_NP_012947.1_3501,0.247876927257
lcl|NC_001136.10_cds_NP_010819.1_1433,0.343165785074
lcl|NC_001136.10_cds_NP_010141.1_778,1.64435005188
lcl|NC_001143.9_cds_NP_012712.1_3280,1.46338021755
lcl|NC_001139.9_cds_NP_011534.1_2129,2.0536634922
lcl|NC_001137.3_cds_NP_010993.1_1602,2.71840810776
lcl|NC_001144.5_cds_NP_013312.2_3858,0.290306478739
lcl|NC_001134.8_cds_NP_660100.1_134,0.446976959705
lcl|NC_001145.3_cds_NP_014039.1_4553,1.08727419376
lcl|NC_001139.9_cds_NP_011633.3_2227,7.96138238907
lcl|NC_001147.6_cds_NP_014492.1_4989,0.29354339838
lcl|NC_001146.8_cds_NP_014248.3_4745,0.361205786467
lcl|NC_001142.9_cds_NP_012472.1_3052,0.156607404351
lcl|NC_001136.10_cds_NP_010540.3_1162,0.094955585897
lcl|NC_001139.9_cds_NP_011699.1_2295,0.318924069405
lcl|NC_001143.9_cds_NP_012856.1_3413,1.71803557873
lcl|NC_001134.8_cds_NP_009535.1_187,0.63331246376
lcl|NC_001145.3_cds_NP_014051.3_4565,2.3973596096
lcl|NC_001133.9_cds_NP_009370.1_39,0.375156491995
lcl|NC_001139.9_cds_NP_011368.3_1971,8.68323421478
lcl|NC_001138.5_cds_NP_116597.1_1742,5.56481361389
lcl|NC_001137.3_cds_NP_010978.3_1588,2.36270308495
lcl|NC_001139.9_cds_NP_011428.1_2028,1.39421880245
lcl|NC_001136.10_cds_NP_010770.3_1386,0.0964731872082
lcl|NC_001141.2_cds_NP_012213.3_2809,2.76538276672
lcl|NC_001148.4_cds_NP_015399.1_5864,4.74766111374
lcl|NC_001145.3_cds_NP_013713.1_4236,0.748186886311
lcl|NC_001141.2_cds_NP_012134.1_2731,0.314086794853
lcl|NC_001144.5_cds_NP_013376.1_3920,1.04380822182
lcl|NC_001139.9_cds_NP_011794.3_2384,0.277888953686
lcl|NC_001148.4_cds_NP_015517.1_5977,1.89960932732
lcl|NC_001146.8_cds_NP_014192.1_4695,1.00054907799
lcl|NC_001140.6_cds_NP_011877.1_2468,1.00933587551
lcl|NC_001146.8_cds_NP_014392.3_4887,0.279369533062
lcl|NC_001137.3_cds_NP_011073.1_1683,0.422455817461
lcl|NC_001134.8_cds_NP_009479.1_131,0.247509196401
lcl|NC_001147.6_cds_NP_014760.3_5251,1.30080187321
lcl|NC_001145.3_cds_NP_013918.1_4434,0.907844364643
lcl|NC_001139.9_cds_NP_011488.1_2083,0.751197636127
lcl|NC_001136.10_cds_NP_010474.3_1097,1.26916766167
lcl|NC_001144.5_cds_NP_013121.1_3666,0.331019252539
lcl|NC_001135.5_cds_NP_009964.2_612,0.4798399508
lcl|NC_001144.5_cds_NP_013102.1_3647,0.718821108341
lcl|NC_001143.9_cds_NP_012832.1_3390,0.979468107224
lcl|NC_001139.9_cds_NP_011734.3_2330,1.39726233482
lcl|NC_001144.5_cds_NP_013309.1_3855,2.00096487999
lcl|NC_001136.10_cds_NP_878060.1_759,0.271411240101
lcl|NC_001140.6_cds_NP_012035.1_2628,0.576856553555
lcl|NC_001137.3_cds_NP_010896.3_1503,0.378871887922
lcl|NC_001145.3_cds_NP_013667.1_4191,0.155622705817
lcl|NC_001148.4_cds_NP_015181.1_5655,0.143358811736
lcl|NC_001137.3_cds_NP_010882.1_1489,1.25284516811
lcl|NC_001143.9_cds_NP_013020.3_3570,8.30363368988
lcl|NC_001146.8_cds_NP_014397.1_4892,0.307184189558
lcl|NC_001136.10_cds_NP_010241.1_872,0.426702708006
lcl|NC_001142.9_cds_NP_012669.1_3239,0.233515515924
lcl|NC_001136.10_cds_NP_010687.3_1313,2.31628870964
lcl|NC_001142.9_cds_NP_012533.1_3109,0.870282888412
lcl|NC_001148.4_cds_NP_015463.1_5919,0.555913925171
lcl|NC_001142.9_cds_NP_012532.3_3108,0.858757793903
lcl|NC_001148.4_cds_NP_015219.1_5691,4.82965087891
lcl|NC_001134.8_cds_NP_009752.3_397,0.459177136421
lcl|NC_001136.10_cds_NP_010829.1_1441,0.408088117838
lcl|NC_001134.8_cds_NP_009621.3_272,0.121630139649
lcl|NC_001139.9_cds_NP_011478.3_2073,2.57202458382
lcl|NC_001136.10_cds_NP_010512.1_1136,4.8455491066
lcl|NC_001136.10_cds_NP_010661.3_1285,0.438360184431
lcl|NC_001136.10_cds_NP_010181.2_817,1.0270986557
lcl|NC_001148.4_cds_NP_015405.1_5868,11.140417099
lcl|NC_001148.4_cds_NP_015398.1_5863,0.749274730682
lcl|NC_001148.4_cds_NP_015493.1_5954,0.533200800419
lcl|NC_001146.8_cds_NP_014111.1_4617,0.561899542809
lcl|NC_001147.6_cds_NP_014877.3_5363,7.4163441658
lcl|NC_001148.4_cds_NP_015323.1_5793,0.185669645667
lcl|NC_001142.9_cds_NP_012602.3_3174,0.953614473343
lcl|NC_001137.3_cds_NP_010977.2_1587,8.86204338074
lcl|NC_001145.3_cds_NP_013658.1_4182,1.52076208591
lcl|NC_001136.10_cds_NP_010037.1_682,5.32051944733
lcl|NC_001144.5_cds_NP_013372.1_3916,1.83801925182
lcl|NC_001136.10_cds_NP_010335.1_960,10.2552671432
lcl|NC_001137.3_cds_NP_010948.1_1556,0.952763676643
lcl|NC_001147.6_cds_NP_014498.1_4995,1.36112570763
lcl|NC_001144.5_cds_NP_013377.1_3921,0.315534442663
lcl|NC_001142.9_cds_NP_012542.1_3119,14.6264886856
lcl|NC_001144.5_cds_NP_013111.1_3656,0.128295198083
lcl|NC_001147.6_cds_NP_014893.1_5377,0.267000347376
lcl|NC_001139.9_cds_NP_011770.3_2363,12.1761426926
lcl|NC_001134.8_cds_NP_009459.1_113,0.239241838455
lcl|NC_001140.6_cds_NP_058135.1_2532,2.43515896797
lcl|NC_001140.6_cds_NP_011929.1_2521,0.2751917243
lcl|NC_001134.8_cds_NP_009730.3_377,0.43975508213
lcl|NC_001148.4_cds_NP_015089.1_5565,1.26963376999
lcl|NC_001134.8_cds_NP_009713.1_360,1.00466775894
lcl|NC_001148.4_cds_NP_015491.1_5952,2.10191583633
lcl|NC_001148.4_cds_NP_015411.1_5874,0.687846422195
lcl|NC_001139.9_cds_NP_011604.3_2200,1.13895380497
lcl|NC_001144.5_cds_NP_013521.3_4057,0.230256259441
lcl|NC_001138.5_cds_NP_602317.3_1851,1.4045112133
lcl|NC_001147.6_cds_NP_014896.3_5380,0.766559064388
lcl|NC_001137.3_cds_NP_010924.1_1531,0.553294897079
lcl|NC_001143.9_cds_NP_012719.2_3287,0.751068532467
lcl|NC_001136.10_cds_NP_010443.3_1065,0.312721580267
lcl|NC_001136.10_cds_NP_010510.3_1134,6.24881315231
lcl|NC_001140.6_cds_NP_011915.1_2507,3.12918591499
lcl|NC_001136.10_cds_NP_010566.1_1190,0.342248231173
lcl|NC_001145.3_cds_NP_013737.1_4261,0.345151096582
lcl|NC_001147.6_cds_NP_014564.1_5061,1.16425430775
lcl|NC_001148.4_cds_NP_015407.1_5870,0.64536267519
lcl|NC_001136.10_cds_NP_010761.3_1378,0.176304668188
lcl|NC_001144.5_cds_NP_013149.1_3693,7.64214038849
lcl|NC_001145.3_cds_NP_013826.1_4346,2.25289845467
lcl|NC_001146.8_cds_NP_014291.1_4787,0.835716545582
lcl|NC_001147.6_cds_NP_014643.1_5138,0.276297599077
lcl|NC_001136.10_cds_NP_010712.1_1335,0.65712839365
lcl|NC_001137.3_cds_NP_010864.3_1472,1.15666782856
lcl|NC_001135.5_cds_NP_009938.2_586,10.9290361404
lcl|NC_001140.6_cds_NP_012070.3_2665,0.329583108425
lcl|NC_001148.4_cds_NP_015385.1_5850,1.30986917019
lcl|NC_001143.9_cds_NP_012716.1_3284,0.140097051859
lcl|NC_001134.8_cds_NP_009842.1_489,2.24372291565
lcl|NC_001135.5_cds_NP_009986.1_633,0.179424136877
lcl|NC_001145.3_cds_NP_013983.1_4500,1.38902795315
lcl|NC_001136.10_cds_NP_010542.1_1164,0.834348618984
lcl|NC_001136.10_cds_NP_010604.4_1229,0.164934113622
lcl|NC_001147.6_cds_NP_015036.3_5513,0.527315914631
lcl|NC_001139.9_cds_NP_011618.3_2214,0.274644732475
lcl|NC_001147.6_cds_NP_014708.1_5201,2.63348865509
lcl|NC_001148.4_cds_NP_015136.1_5611,0.361277341843
lcl|NC_001135.5_cds_NP_958835.1_568,0.778586566448
lcl|NC_001134.8_cds_NP_009770.3_418,0.15937307477
lcl|NC_001134.8_cds_NP_009680.2_328,0.686619877815
lcl|NC_001144.5_cds_NP_013116.1_3661,0.284565061331
lcl|NC_001134.8_cds_NP_009517.1_168,1.42988026142
lcl|NC_001139.9_cds_NP_011762.1_2355,1.11245799065
lcl|NC_001146.8_cds_NP_014109.1_4615,0.392072051764
lcl|NC_001139.9_cds_NP_011721.3_2317,0.592877328396
lcl|NC_001145.3_cds_NP_013585.1_4115,0.250276148319
lcl|NC_001142.9_cds_NP_012690.3_3262,5.31727933884
lcl|NC_001139.9_cds_NP_011544.1_2140,0.571006655693
lcl|NC_001134.8_cds_NP_009489.1_140,1.2661049366
lcl|NC_001139.9_cds_NP_011409.1_2010,1.60107958317
lcl|NC_001139.9_cds_NP_011620.1_2216,1.45898103714
lcl|NC_001139.9_cds_NP_011276.1_1886,1.23863279819
lcl|NC_001145.3_cds_NP_014055.1_4569,0.602069854736
lcl|NC_001146.8_cds_NP_014140.1_4646,0.443001151085
lcl|NC_001141.2_cds_NP_012270.1_2865,0.17423401773
lcl|NC_001142.9_cds_NP_012636.1_3206,0.367778301239
lcl|NC_001141.2_cds_NP_012280.1_2875,0.218355417252
lcl|NC_001136.10_cds_NP_010828.1_1440,0.829230368137
lcl|NC_001144.5_cds_NP_013471.1_4008,4.66544914246
lcl|NC_001139.9_cds_NP_011404.1_2006,0.261789411306
lcl|NC_001143.9_cds_NP_012928.1_3483,0.43935996294
lcl|NC_001146.8_cds_NP_014400.1_4895,0.499870598316
lcl|NC_001139.9_cds_NP_011656.3_2248,0.188693240285
lcl|NC_001134.8_cds_NP_009481.1_132,8.6215429306
lcl|NC_001134.8_cds_NP_009641.1_292,8.04234695435
lcl|NC_001142.9_cds_NP_012540.3_3117,2.91857147217
lcl|NC_001136.10_cds_NP_010822.1_1436,1.47690296173
lcl|NC_001139.9_cds_NP_011519.3_2115,1.09232974052
lcl|NC_001138.5_cds_NP_116594.1_1739,0.372894763947
lcl|NC_001134.8_cds_NP_009554.1_206,1.46651315689
lcl|NC_001139.9_cds_NP_011485.1_2080,11.4319458008
lcl|NC_001145.3_cds_NP_013669.1_4194,0.57278162241
lcl|NC_001136.10_cds_NP_010628.3_1252,2.33846688271
lcl|NC_001145.3_cds_NP_013796.1_4316,2.34436964989
lcl|NC_001139.9_cds_NP_011388.1_1990,0.248768150806
lcl|NC_001134.8_cds_NP_009644.3_296,0.669011473656
lcl|NC_001136.10_cds_NP_010735.3_1353,8.36312007904
lcl|NC_001148.4_cds_NP_015507.1_5967,1.87882888317
lcl|NC_001142.9_cds_NP_012450.1_3031,0.620654881001
lcl|NC_001143.9_cds_NP_012784.1_3346,1.61700975895
lcl|NC_001147.6_cds_NP_014727.1_5220,0.145386099815
lcl|NC_001137.3_cds_NP_011098.3_1709,0.539284825325
lcl|NC_001141.2_cds_NP_012301.3_2897,2.22302603722
lcl|NC_001144.5_cds_NP_013543.3_4077,0.191846251488
lcl|NC_001148.4_cds_NP_015205.1_5677,0.264942348003
lcl|NC_001146.8_cds_NP_014147.1_4653,0.282391577959
lcl|NC_001142.9_cds_NP_012597.1_3169,1.03668820858
lcl|NC_001148.4_cds_NP_015432.1_5891,0.312548071146
lcl|NC_001143.9_cds_NP_012920.1_3475,6.81375169754
lcl|NC_001137.3_cds_NP_010858.3_1466,0.448077648878
lcl|NC_001138.5_cds_NP_116665.1_1810,1.4173169136
lcl|NC_001137.3_cds_NP_011020.3_1630,1.07561039925
lcl|NC_001136.10_cds_NP_010673.1_1300,9.90534305573
lcl|NC_001140.6_cds_NP_011918.1_2510,1.72161102295
lcl|NC_001145.3_cds_NP_013663.1_4188,0.282039910555
lcl|NC_001139.9_cds_NP_011719.1_2314,0.135816544294
lcl|NC_001137.3_cds_NP_010990.1_1599,0.828064799309
lcl|NC_001140.6_cds_NP_012041.1_2634,0.510830879211
lcl|NC_001136.10_cds_NP_010615.3_1240,0.885996341705
lcl|NC_001139.9_cds_NP_011730.1_2326,6.88514184952
lcl|NC_001140.6_cds_NP_011954.1_2547,0.452145844698
lcl|NC_001147.6_cds_NP_014604.1_5100,0.970066845417
lcl|NC_001135.5_cds_NP_009929.1_577,0.758455395699
lcl|NC_001145.3_cds_NP_013638.1_4162,7.78510141373
lcl|NC_001142.9_cds_NP_012410.1_2994,0.30886772275
lcl|NC_001144.5_cds_NP_013395.1_3937,0.708849310875
lcl|NC_001137.3_cds_NP_011052.1_1660,2.20941996574
lcl|NC_001143.9_cds_NP_012950.3_3504,0.406658500433
lcl|NC_001134.8_cds_NP_009454.1_110,0.723041415215
lcl|NC_001140.6_cds_NP_011848.1_2436,9.87322425842
lcl|NC_001148.4_cds_NP_015141.1_5615,0.398619741201
lcl|NC_001139.9_cds_NP_011499.1_2093,1.01296949387
lcl|NC_001147.6_cds_NP_014664.1_5160,1.24618244171
lcl|NC_001142.9_cds_NP_012566.1_3140,0.805476486683
lcl|NC_001148.4_cds_NP_015435.1_5895,1.59623682499
lcl|NC_001148.4_cds_NP_015426.1_5885,0.174707844853
lcl|NC_001146.8_cds_NP_014413.1_4907,2.86504030228
lcl|NC_001147.6_cds_NP_014776.1_5266,10.0235948563
lcl|NC_001148.4_cds_NP_015380.1_5846,0.456922858953
lcl|NC_001139.9_cds_NP_011359.1_1963,0.88541251421
lcl|NC_001146.8_cds_NP_014448.1_4941,2.80539083481
lcl|NC_001144.5_cds_NP_013145.1_3689,13.9328556061
lcl|NC_001148.4_cds_NP_015246.1_5718,8.35816574097
lcl|NC_001139.9_cds_NP_011551.3_2149,3.07375788689
lcl|NC_001139.9_cds_NP_011538.3_2132,0.235275998712
lcl|NC_001139.9_cds_NP_011324.1_1931,1.28506791592
lcl|NC_001141.2_cds_NP_012118.1_2715,7.73978185654
lcl|NC_001148.4_cds_NP_015359.1_5828,0.26068225503
lcl|NC_001136.10_cds_NP_010386.1_1011,1.77939331532
lcl|NC_001137.3_cds_NP_010926.3_1533,0.256733387709
lcl|NC_001134.8_cds_NP_009475.1_128,0.542833030224
lcl|NC_001145.3_cds_NP_013891.1_4407,0.225631281734
lcl|NC_001139.9_cds_NP_011597.1_2193,0.827103793621
lcl|NC_001134.8_cds_NP_009782.3_431,0.150401517749
lcl|NC_001146.8_cds_NP_014421.3_4915,0.247112989426
lcl|NC_001146.8_cds_NP_014361.1_4858,2.15103316307
lcl|NC_001144.5_cds_NP_013448.1_3985,6.36550092697
lcl|NC_001142.9_cds_NP_012508.1_3090,5.20417022705
lcl|NC_001147.6_cds_NP_014544.1_5041,2.27105212212
lcl|NC_001143.9_cds_NP_013011.1_3561,0.585112452507
lcl|NC_001142.9_cds_NP_012580.1_3152,0.320632070303
lcl|NC_001136.10_cds_NP_010046.1_691,0.756859302521
lcl|NC_001147.6_cds_NP_014794.3_5283,1.72996306419
lcl|NC_001136.10_cds_NP_010090.1_782,9.46943473816
lcl|NC_001145.3_cds_NP_013682.1_4206,0.845765411854
lcl|NC_001138.5_cds_NP_116614.1_1759,7.91939163208
lcl|NC_001134.8_cds_NP_009841.1_488,0.560911953449
lcl|NC_001136.10_cds_NP_010580.1_1203,0.924721896648
lcl|NC_001143.9_cds_NP_012975.3_3525,0.231192156672
lcl|NC_001147.6_cds_NP_014739.1_5231,8.31264781952
lcl|NC_001139.9_cds_NP_011520.2_2116,0.22927236557
lcl|NC_001136.10_cds_NP_010384.3_1009,3.1380007267
lcl|NC_001134.8_cds_NP_009508.1_158,2.57140564919
lcl|NC_001137.3_cds_NP_010969.1_1578,1.9477571249
lcl|NC_001139.9_cds_NP_011367.1_1970,2.8498775959
lcl|NC_001145.3_cds_NP_013597.1_4126,0.875464260578
lcl|NC_001139.9_cds_NP_011543.4_2139,0.334145396948
lcl|NC_001140.6_cds_NP_011902.1_2494,1.03784751892
lcl|NC_001146.8_cds_NP_014396.3_4891,1.37076640129
lcl|NC_001134.8_cds_NP_009667.1_316,1.32254445553
lcl|NC_001144.5_cds_NP_013264.1_3815,0.652749180794
lcl|NC_001133.9_cds_NP_009382.2_51,0.0805134996772
lcl|NC_001135.5_cds_NP_009982.1_629,3.62364006042
lcl|NC_001139.9_cds_NP_011616.3_2212,0.161574721336
lcl|NC_001144.5_cds_NP_013386.1_3927,0.359494626522
lcl|NC_001137.3_cds_NP_011028.1_1637,7.83431863785
lcl|NC_001145.3_cds_NP_013788.1_4309,1.76379668713
lcl|NC_001140.6_cds_NP_011889.1_2481,0.677008450031
lcl|NC_001142.9_cds_NP_012358.1_2945,6.64996385574
lcl|NC_001136.10_cds_NP_010134.1_771,0.877650558949
lcl|NC_001143.9_cds_NP_012996.1_3546,0.745827198029
lcl|NC_001139.9_cds_NP_011736.1_2331,0.699497461319
lcl|NC_001133.9_cds_NP_009347.1_17,2.0554049015
lcl|NC_001137.3_cds_NP_011075.3_1685,0.968473494053
lcl|NC_001140.6_cds_NP_011874.1_2465,8.24896430969
lcl|NC_001148.4_cds_NP_015516.1_5976,0.715381324291
lcl|NC_001136.10_cds_NP_010665.3_1290,1.27821707726
lcl|NC_001148.4_cds_NP_015087.1_5563,2.44380640984
lcl|NC_001148.4_cds_NP_015190.1_5662,0.816795885563
lcl|NC_001139.9_cds_NP_011341.3_1946,0.135956421494
lcl|NC_001134.8_cds_NP_009726.3_373,0.365002602339
lcl|NC_001141.2_cds_NP_012212.1_2808,9.95965862274
lcl|NC_001143.9_cds_NP_012974.1_3524,0.744321227074
lcl|NC_001144.5_cds_NP_013097.1_3642,0.22749312222
lcl|NC_001146.8_cds_NP_014359.3_4856,0.411179423332
lcl|NC_001144.5_cds_NP_013346.1_3890,0.343763530254
lcl|NC_001139.9_cds_NP_011475.1_2070,1.57955658436
lcl|NC_001147.6_cds_NP_014840.4_5331,0.994419872761
lcl|NC_001141.2_cds_NP_012199.3_2797,0.313612401485
lcl|NC_001139.9_cds_NP_011557.1_2157,0.891280531883
lcl|NC_001139.9_cds_NP_011261.1_1872,6.10848379135
lcl|NC_001143.9_cds_NP_012900.1_3453,0.509952425957
lcl|NC_001139.9_cds_NP_011288.1_1898,2.1155230999
lcl|NC_001147.6_cds_NP_014917.3_5400,0.278191685677
lcl|NC_001134.8_cds_NP_009734.1_380,0.121977671981
lcl|NC_001137.3_cds_NP_010876.2_1483,0.307898938656
lcl|NC_001144.5_cds_NP_013437.1_3976,6.01820468903
lcl|NC_001140.6_cds_NP_011949.1_2542,0.2263456285
lcl|NC_001134.8_cds_NP_009466.1_120,6.42316102982
lcl|NC_001145.3_cds_NP_013586.1_4116,1.39554464817
lcl|NC_001136.10_cds_NP_010072.1_715,0.177956864238
lcl|NC_001142.9_cds_NP_012463.1_3045,0.269133597612
lcl|NC_001135.5_cds_NP_009913.2_561,0.249247118831
lcl|NC_001147.6_cds_NP_014894.3_5378,0.835061311722
lcl|NC_001134.8_cds_NP_009812.1_460,0.208176121116
lcl|NC_001141.2_cds_NP_012211.2_2807,7.26277208328
lcl|NC_001136.10_cds_NP_010450.3_1072,0.678294241428
lcl|NC_001137.3_cds_NP_010893.3_1500,1.18227028847
lcl|NC_001139.9_cds_NP_011696.3_2293,4.88165092468
lcl|NC_001144.5_cds_NP_013401.1_3942,0.24090538919
lcl|NC_001147.6_cds_NP_014490.1_4988,1.71551132202
lcl|NC_001139.9_cds_NP_011701.3_2297,2.6177740097
lcl|NC_001138.5_cds_NP_116650.1_1794,1.40755450726
lcl|NC_001143.9_cds_NP_012889.3_3444,2.89410805702
lcl|NC_001148.4_cds_NP_015501.2_5962,0.509361803532
lcl|NC_001142.9_cds_NP_012362.1_2948,0.463413864374
lcl|NC_001143.9_cds_NP_012986.1_3536,0.627281367779
lcl|NC_001134.8_cds_NP_009591.1_242,1.69334614277
lcl|NC_001140.6_cds_NP_011857.2_2447,0.0861637145281
lcl|NC_001147.6_cds_NP_014689.1_5185,1.43161094189
lcl|NC_001136.10_cds_NP_010080.1_723,1.08733379841
lcl|NC_001146.8_cds_NP_014441.1_4934,1.29650473595
lcl|NC_001147.6_cds_NP_014867.1_5354,1.82117033005
lcl|NC_001145.3_cds_NP_014013.1_4531,0.299513220787
lcl|NC_001148.4_cds_NP_015180.1_5654,1.90049791336
lcl|NC_001148.4_cds_NP_015154.1_5627,1.35085642338
lcl|NC_001139.9_cds_NP_011750.1_2343,1.90955924988
lcl|NC_001148.4_cds_NP_015318.1_5788,0.124954581261
lcl|NC_001143.9_cds_NP_012985.3_3535,8.2444601059
lcl|NC_001145.3_cds_NP_013866.1_4385,2.5373673439
lcl|NC_001148.4_cds_NP_015486.1_5947,2.02407860756
lcl|NC_001147.6_cds_NP_014500.2_4997,0.360867708921
lcl|NC_001138.5_cds_NP_116615.1_1760,1.26000094414
lcl|NC_001139.9_cds_NP_011418.1_2018,1.45191562176
lcl|NC_001136.10_cds_NP_010244.1_874,1.20819878578
lcl|NC_001145.3_cds_NP_013634.1_4158,0.237509131432
lcl|NC_001137.3_cds_NP_011099.1_1710,0.294169455767
lcl|NC_001144.5_cds_NP_013109.1_3654,3.12093496323
lcl|NC_001146.8_cds_NP_014368.1_4865,5.76566839218
lcl|NC_001139.9_cds_NP_011748.3_2341,0.837877035141
lcl|NC_001139.9_cds_NP_011457.1_2054,1.09827530384
lcl|NC_001136.10_cds_NP_010652.3_1274,0.205209136009
lcl|NC_001147.6_cds_NP_014499.2_4996,0.398453593254
lcl|NC_001134.8_cds_NP_009772.1_420,0.262975633144
lcl|NC_001148.4_cds_NP_015229.1_5701,0.171355485916
lcl|NC_001143.9_cds_NP_013005.1_3555,0.546666383743
lcl|NC_001144.5_cds_NP_013186.1_3728,0.14550563693
lcl|NC_001146.8_cds_NP_014221.3_4720,9.31998157501
lcl|NC_001139.9_cds_NP_011541.1_2135,7.88447904587
lcl|NC_001145.3_cds_NP_013618.1_4145,0.685458540916
lcl|NC_001139.9_cds_NP_011708.3_2303,15.7845096588
lcl|NC_001137.3_cds_NP_010946.3_1554,0.207085892558
lcl|NC_001136.10_cds_NP_010186.1_822,0.661442756653
lcl|NC_001137.3_cds_NP_010960.1_1569,0.627379417419
lcl|NC_001147.6_cds_NP_014964.1_5444,0.317166686058
lcl|NC_001144.5_cds_NP_013294.1_3842,0.215552121401
lcl|NC_001136.10_cds_NP_010476.1_1099,1.31999313831
lcl|NC_001147.6_cds_NP_014902.3_5386,1.3882932663
lcl|NC_001134.8_cds_NP_009665.3_314,0.237547069788
lcl|NC_001146.8_cds_NP_014278.3_4777,2.05463051796
lcl|NC_001147.6_cds_NP_014732.1_5224,0.645953595638
lcl|NC_001147.6_cds_NP_014845.1_5334,0.210441052914
lcl|NC_001139.9_cds_NP_011702.1_2298,0.642526090145
lcl|NC_001145.3_cds_NP_013928.1_4443,0.240538299084
lcl|NC_001148.4_cds_NP_015061.1_5537,2.17405128479
lcl|NC_001139.9_cds_NP_011493.1_2087,1.70962178707
lcl|NC_001133.9_cds_NP_009362.1_31,14.3725681305
lcl|NC_001147.6_cds_NP_014719.1_5213,0.265917360783
lcl|NC_001141.2_cds_NP_012203.1_2801,0.715993821621
lcl|NC_001135.5_cds_NP_009895.1_543,1.13007128239
lcl|NC_001136.10_cds_NP_010144.1_781,3.65697288513
lcl|NC_001137.3_cds_NP_011037.3_1646,1.61694765091
lcl|NC_001148.4_cds_NP_015126.1_5601,7.87968301773
lcl|NC_001145.3_cds_NP_013774.1_4295,1.55511116982
lcl|NC_001145.3_cds_NP_014043.1_4557,0.773813784122
lcl|NC_001144.5_cds_NP_013058.1_3606,0.210158184171
lcl|NC_001148.4_cds_NP_015387.1_5852,1.29728293419
lcl|NC_001148.4_cds_NP_015083.1_5560,0.154159381986
lcl|NC_001134.8_cds_NP_009707.3_354,1.35356462002
lcl|NC_001134.8_cds_NP_009604.1_255,8.18588542938
lcl|NC_001148.4_cds_NP_015093.1_5569,3.78043079376
lcl|NC_001140.6_cds_NP_011920.1_2514,0.59850025177
lcl|NC_001147.6_cds_NP_014904.3_5388,0.903101503849
lcl|NC_001136.10_cds_NP_010280.1_905,1.33818745613
lcl|NC_001146.8_cds_NP_014231.1_4727,0.909154295921
lcl|NC_001147.6_cds_NP_014642.1_5137,0.100306354463
lcl|NC_001134.8_cds_NP_009638.1_289,2.76334857941
lcl|NC_001144.5_cds_NP_013099.1_3644,0.199077695608
lcl|NC_001136.10_cds_NP_010254.1_881,0.17756177485
lcl|NC_001143.9_cds_NP_012994.1_3544,0.236744642258
lcl|NC_001142.9_cds_NP_012409.1_2993,0.158379539847
lcl|NC_001147.6_cds_NP_014706.1_5199,11.1410675049
lcl|NC_001137.3_cds_NP_010866.1_1474,0.433465987444
lcl|NC_001144.5_cds_NP_013268.1_3819,10.568154335
lcl|NC_001147.6_cds_NP_014769.3_5259,0.34417334199
lcl|NC_001147.6_cds_NP_014953.3_5434,0.158147439361
lcl|NC_001144.5_cds_NP_013546.1_4080,6.807284832
lcl|NC_001148.4_cds_NP_015174.1_5648,0.120894037187
lcl|NC_001139.9_cds_NP_011695.1_2292,0.121326498687
lcl|NC_001143.9_cds_NP_013010.3_3560,0.506642282009
lcl|NC_001137.3_cds_NP_010997.3_1606,11.3688020706
lcl|NC_001146.8_cds_NP_014404.3_4898,0.25706371665
lcl|NC_001140.6_cds_NP_012053.3_2647,6.23155498505
lcl|NC_001147.6_cds_NP_014586.1_5083,1.99015700817
lcl|NC_001144.5_cds_NP_013447.1_3984,0.377578616142
lcl|NC_001146.8_cds_NP_014286.1_4783,0.689129769802
lcl|NC_001142.9_cds_NP_012411.1_2995,0.508051276207
lcl|NC_001134.8_cds_NP_009748.3_394,10.1446752548
lcl|NC_001143.9_cds_NP_013012.3_3562,0.268594801426
lcl|NC_001148.4_cds_NP_015107.1_5583,1.16690206528
lcl|NC_001135.5_cds_NP_009958.2_606,2.49387741089
lcl|NC_001139.9_cds_NP_011414.1_2014,0.66857779026
lcl|NC_001142.9_cds_NP_012509.1_3091,0.232250139117
lcl|NC_001136.10_cds_NP_010217.1_850,2.68202638626
lcl|NC_001146.8_cds_NP_014199.1_4700,0.4245454669
lcl|NC_001134.8_cds_NP_009587.1_238,10.7561235428
lcl|NC_001148.4_cds_NP_015488.1_5949,0.37759321928
lcl|NC_001146.8_cds_NP_014210.1_4710,2.04896998405
lcl|NC_001144.5_cds_NP_013050.1_3600,4.70220661163
lcl|NC_001148.4_cds_NP_015361.1_5830,1.25105011463
lcl|NC_001134.8_cds_NP_009564.1_216,6.27729415894
lcl|NC_001142.9_cds_NP_012543.3_3120,2.52824926376
lcl|NC_001136.10_cds_NP_010183.1_819,2.7955198288
lcl|NC_001140.6_cds_NP_012013.1_2607,2.31956148148
lcl|NC_001133.9_cds_NP_009403.1_71,0.228841289878
lcl|NC_001138.5_cds_NP_116616.1_1761,2.20480704308
lcl|NC_001144.5_cds_NP_013350.1_3894,8.84163093567
lcl|NC_001134.8_cds_NP_009806.3_454,1.08572256565
lcl|NC_001138.5_cds_NP_116623.1_1768,0.477769434452
lcl|NC_001145.3_cds_NP_013646.1_4170,0.305064588785
lcl|NC_001136.10_cds_NP_010284.1_909,1.03027820587
lcl|NC_001147.6_cds_NP_014638.1_5133,0.769348204136
lcl|NC_001139.9_cds_NP_011378.1_1981,1.37944793701
lcl|NC_001136.10_cds_NP_010277.1_902,0.842862963676
lcl|NC_001137.3_cds_NP_011062.1_1670,1.45741546154
lcl|NC_001133.9_cds_NP_009364.1_34,2.01217651367
lcl|NC_001138.5_cds_NP_116662.1_1807,0.544466495514
lcl|NC_001134.8_cds_NP_009676.1_324,11.428809166
lcl|NC_001143.9_cds_NP_012870.1_3427,0.299409836531
lcl|NC_001134.8_cds_NP_878049.2_319,0.300016492605
lcl|NC_001136.10_cds_NP_010242.1_873,0.46699398756
lcl|NC_001143.9_cds_NP_012739.1_3306,3.1659758091
lcl|NC_001147.6_cds_NP_014779.1_5268,1.96675992012
lcl|NC_001136.10_cds_NP_010131.1_768,0.389673054218
lcl|NC_001147.6_cds_NP_015006.3_5484,2.43661665916
lcl|NC_001142.9_cds_NP_012351.1_2939,0.179779201746
lcl|NC_001145.3_cds_NP_013684.1_4208,7.82440280914
lcl|NC_001136.10_cds_NP_010091.2_733,0.981558024883
lcl|NC_001139.9_cds_NP_011468.1_2064,0.260482251644
lcl|NC_001147.6_cds_NP_014584.1_5081,0.910513401031
lcl|NC_001140.6_cds_NP_011922.1_2512,0.600211322308
lcl|NC_001143.9_cds_NP_012909.3_3464,1.58754193783
lcl|NC_001148.4_cds_NP_015504.1_5964,0.124564900994
lcl|NC_001136.10_cds_NP_010274.1_898,0.183187887073
lcl|NC_001136.10_cds_NP_010587.1_1210,0.683705747128
lcl|NC_001136.10_cds_NP_010553.3_1179,0.238729298115
lcl|NC_001140.6_cds_NP_012042.1_2635,0.350397765636
lcl|NC_001140.6_cds_NP_012071.1_2666,0.510020852089
lcl|NC_001145.3_cds_NP_013805.1_4324,0.143891453743
lcl|NC_001144.5_cds_NP_013216.1_3758,0.267643511295
lcl|NC_001143.9_cds_NP_012727.1_3293,0.74959987402
lcl|NC_001145.3_cds_NP_013599.1_4128,0.474338680506
lcl|NC_001139.9_cds_NP_011725.3_2321,3.46967959404
lcl|NC_001148.4_cds_NP_015428.1_5887,1.53053295612
lcl|NC_001146.8_cds_NP_061494.3_4926,0.862770676613
lcl|NC_001143.9_cds_NP_012768.1_3331,0.489146947861
lcl|NC_001134.8_cds_NP_009453.2_109,4.58292722702
lcl|NC_001145.3_cds_NP_013899.1_4413,0.386383205652
lcl|NC_001141.2_cds_NP_012106.1_2702,0.850382626057
lcl|NC_001136.10_cds_NP_010621.1_1246,0.440239787102
lcl|NC_001136.10_cds_NP_010723.1_1343,0.236379414797
lcl|NC_001144.5_cds_NP_013525.3_4061,0.767455160618
lcl|NC_001144.5_cds_NP_013220.1_3762,0.241170719266
lcl|NC_001138.5_cds_NP_116659.1_1804,1.24266076088
lcl|NC_001148.4_cds_NP_015508.1_5968,0.235313042998
lcl|NC_001134.8_cds_NP_009660.1_309,0.461963236332
lcl|NC_001139.9_cds_NP_011439.1_2039,9.13538837433
lcl|NC_001146.8_cds_NP_014252.2_4748,1.03351163864
lcl|NC_001139.9_cds_NP_011504.3_2098,1.05211079121
lcl|NC_001144.5_cds_NP_013394.1_3936,0.884142875671
lcl|NC_001144.5_cds_NP_013127.2_3672,1.82719564438
lcl|NC_001147.6_cds_NP_014985.1_5462,0.828748106956
lcl|NC_001147.6_cds_NP_014837.1_5328,0.248410508037
lcl|NC_001139.9_cds_NP_011392.1_1994,8.97598457336
lcl|NC_001140.6_cds_NP_011925.1_2517,0.487981855869
lcl|NC_001145.3_cds_NP_013733.1_4257,0.393923997879
lcl|NC_001136.10_cds_NP_010372.3_997,0.702329754829
lcl|NC_001141.2_cds_NP_012157.3_2754,1.72119665146
lcl|NC_001137.3_cds_NP_010914.3_1521,1.05147027969
lcl|NC_001146.8_cds_NP_014430.1_4923,0.348874598742
lcl|NC_001145.3_cds_NP_013625.1_4150,2.29842448235
lcl|NC_001145.3_cds_NP_013747.1_4271,0.603075385094
lcl|NC_001137.3_cds_NP_010897.1_1504,0.24529902637
lcl|NC_001136.10_cds_NP_010584.1_1207,1.98838615417
lcl|NC_001145.3_cds_NP_014030.1_4546,0.403058797121
lcl|NC_001145.3_cds_NP_013840.1_4359,3.57836532593
lcl|NC_001139.9_cds_NP_011674.3_2266,0.603671312332
lcl|NC_001145.3_cds_NP_013705.1_4227,0.461997687817
lcl|NC_001148.4_cds_NP_015469.1_5926,0.908182382584
lcl|NC_001139.9_cds_NP_011266.1_1877,0.183406695724
lcl|NC_001139.9_cds_NP_011617.1_2213,1.98461067677
lcl|NC_001147.6_cds_NP_014900.3_5384,0.171912699938
lcl|NC_001145.3_cds_NP_014017.1_4535,1.62907326221
lcl|NC_001137.3_cds_NP_010887.3_1494,5.58069515228
lcl|NC_001145.3_cds_NP_013661.1_4186,0.485731214285
lcl|NC_001142.9_cds_NP_012475.3_3056,1.41628825665
lcl|NC_001140.6_cds_NP_011892.1_2484,1.46145439148
lcl|NC_001143.9_cds_NP_012828.1_3386,0.27705976367
lcl|NC_001136.10_cds_NP_010222.1_854,9.53791999817
lcl|NC_001134.8_cds_NP_009635.1_286,3.09375810623
lcl|NC_001148.4_cds_NP_001106949.1_5957,0.639550983906
lcl|NC_001134.8_cds_NP_009565.1_217,6.1561460495
lcl|NC_001148.4_cds_NP_015224.1_5695,0.348287731409
lcl|NC_001142.9_cds_NP_012436.1_3018,0.13669206202
lcl|NC_001133.9_cds_NP_009409.1_77,1.71206200123
lcl|NC_001139.9_cds_NP_011497.1_2091,1.08073759079
lcl|NC_001147.6_cds_NP_014741.1_5233,0.432954490185
lcl|NC_001147.6_cds_NP_014957.2_5437,7.34643173218
lcl|NC_001142.9_cds_NP_012638.1_3208,3.61608839035
lcl|NC_001142.9_cds_NP_012556.2_3131,0.253537207842
lcl|NC_001136.10_cds_NP_010693.3_1318,0.119661897421
lcl|NC_001137.3_cds_NP_010917.3_1524,0.840312898159
lcl|NC_001138.5_cds_NP_116701.3_1847,0.206077471375
lcl|NC_001134.8_cds_NP_009553.1_205,5.09101390839
lcl|NC_001134.8_cds_NP_009685.3_333,3.5048251152
lcl|NC_001140.6_cds_NP_011885.1_2476,5.69497251511
lcl|NC_001140.6_cds_NP_011864.1_2454,0.603174388409
lcl|NC_001145.3_cds_NP_013764.1_4287,1.58605563641
lcl|NC_001142.9_cds_NP_012395.1_2977,0.276976406574
lcl|NC_001134.8_cds_NP_009503.1_153,0.663702845573
lcl|NC_001137.3_cds_NP_011021.3_1631,1.05320465565
lcl|NC_001139.9_cds_NP_011511.3_2107,0.205656006932
lcl|NC_001145.3_cds_NP_013740.1_4264,1.19416475296
lcl|NC_001144.5_cds_NP_013204.1_3746,0.238398849964
lcl|NC_001146.8_cds_NP_014393.1_4888,0.602242648602
lcl|NC_001136.10_cds_NP_001032575.1_1029,1.23112165928
lcl|NC_001134.8_cds_NP_009808.1_456,4.77829027176
lcl|NC_001147.6_cds_NP_014506.1_5003,0.165301010013
lcl|NC_001141.2_cds_NP_012256.1_2850,0.157645717263
lcl|NC_001144.5_cds_NP_013078.1_3625,0.581396758556
lcl|NC_001134.8_cds_NP_009537.1_189,0.253861874342
lcl|NC_001148.4_cds_NP_015234.1_5706,1.48172330856
lcl|NC_001141.2_cds_NP_012295.1_2891,0.553424715996
lcl|NC_001147.6_cds_NP_014807.3_5297,1.00553750992
lcl|NC_001138.5_cds_NP_116635.1_1780,1.88305747509
lcl|NC_001139.9_cds_NP_011679.3_2275,0.250382572412
lcl|NC_001136.10_cds_NP_010239.1_870,0.369591146708
lcl|NC_001145.3_cds_NP_013950.1_4465,0.502903938293
lcl|NC_001145.3_cds_NP_013690.1_4214,2.1032948494
lcl|NC_001136.10_cds_NP_010760.3_1377,0.324287176132
lcl|NC_001145.3_cds_NP_013995.1_4512,0.167180225253
lcl|NC_001139.9_cds_NP_011527.1_2122,0.355305790901
lcl|NC_001147.6_cds_NP_076910.1_5052,0.512226164341
lcl|NC_001136.10_cds_NP_010608.1_1234,0.670434653759
lcl|NC_001148.4_cds_NP_015377.1_5843,3.31685042381
lcl|NC_001143.9_cds_NP_012865.1_3422,0.267432630062
lcl|NC_001136.10_cds_NP_010521.1_1144,0.172981098294
lcl|NC_001147.6_cds_NP_014802.3_5291,0.306950479746
lcl|NC_001134.8_cds_NP_009711.3_358,0.130641639233
lcl|NC_001136.10_cds_NP_010692.3_1317,0.609937906265
lcl|NC_001134.8_cds_NP_009655.2_306,0.392639815807
lcl|NC_001136.10_cds_NP_010089.1_731,4.96214056015
lcl|NC_001147.6_cds_NP_014502.1_4999,3.42496681213
lcl|NC_001147.6_cds_NP_014569.1_5066,0.170475453138
lcl|NC_001143.9_cds_NP_012751.1_3317,0.451438993216
lcl|NC_001134.8_cds_NP_009515.1_166,0.723516821861
lcl|NC_001142.9_cds_NP_012382.2_2967,1.08595359325
lcl|NC_001147.6_cds_NP_014913.3_5396,2.49730157852
lcl|NC_001136.10_cds_NP_010640.1_1264,2.6949660778
lcl|NC_001133.9_cds_NP_009390.1_59,4.23225784302
lcl|NC_001143.9_cds_NP_012748.1_3314,0.198762640357
lcl|NC_001141.2_cds_NP_012238.1_2833,0.68449151516
lcl|NC_001134.8_cds_NP_009740.3_385,11.0796785355
lcl|NC_001140.6_cds_NP_011955.1_2549,2.09846162796
lcl|NC_001145.3_cds_NP_014015.1_4533,0.431377291679
lcl|NC_001143.9_cds_NP_012741.1_3308,9.36038208008
lcl|NC_001141.2_cds_NP_012153.1_2750,0.136458933353
lcl|NC_001140.6_cds_NP_011919.1_2511,1.60022783279
lcl|NC_001146.8_cds_NP_014444.1_4937,1.0505219698
lcl|NC_001146.8_cds_NP_014155.1_4661,1.47171330452
lcl|NC_001145.3_cds_NP_013671.1_4196,0.160213992
lcl|NC_001144.5_cds_NP_013083.1_3629,3.38736271858
lcl|NC_001145.3_cds_NP_013940.1_4455,0.186110526323
lcl|NC_001148.4_cds_NP_015307.1_5777,0.206906110048
lcl|NC_001144.5_cds_NP_013210.1_3752,5.73214864731
lcl|NC_001147.6_cds_NP_014738.1_5230,1.781935215
lcl|NC_001146.8_cds_NP_014367.1_4864,5.22398614883
lcl|NC_001142.9_cds_NP_012633.1_3203,0.228699728847
lcl|NC_001141.2_cds_NP_012194.1_2792,1.34644448757
lcl|NC_001140.6_cds_NP_011985.1_2578,0.851680397987
lcl|NC_001143.9_cds_NP_012866.1_3423,0.563589632511
lcl|NC_001137.3_cds_NP_011057.1_1665,6.99150276184
lcl|NC_001144.5_cds_NP_013040.1_3591,0.171535730362
lcl|NC_001143.9_cds_NP_012797.1_3357,0.350279122591
lcl|NC_001148.4_cds_NP_015182.1_5656,8.54730319977
lcl|NC_001134.8_cds_NP_009750.1_395,7.32880687714
lcl|NC_001136.10_cds_NP_010223.1_855,1.08889627457
lcl|NC_001147.6_cds_NP_014852.1_5340,1.37686312199
lcl|NC_001143.9_cds_NP_012988.1_3538,1.39618122578
lcl|NC_001139.9_cds_NP_011649.1_2243,0.19065721333
lcl|NC_001146.8_cds_NP_014167.1_4672,0.273706376553
lcl|NC_001147.6_cds_NP_014853.3_5341,3.39807796478
lcl|NC_001137.3_cds_NP_011001.1_1611,0.742249310017
lcl|NC_001139.9_cds_NP_011274.2_1885,0.21667085588
lcl|NC_001148.4_cds_NP_015335.1_5804,1.70683407784
lcl|NC_001144.5_cds_NP_013276.1_3825,3.45776581764
lcl|NC_001141.2_cds_NP_012277.1_2872,0.735275924206
lcl|NC_001143.9_cds_NP_012819.1_3376,1.24504005909
lcl|NC_001141.2_cds_NP_012123.1_2720,1.05328929424
lcl|NC_001139.9_cds_NP_011651.3_2245,1.03148508072
lcl|NC_001144.5_cds_NP_013468.3_4006,1.1316896677
lcl|NC_001136.10_cds_NP_010480.1_1102,1.25833237171
lcl|NC_001147.6_cds_NP_014565.2_5062,1.65634489059
lcl|NC_001144.5_cds_NP_013396.1_3938,6.01960372925
lcl|NC_001145.3_cds_NP_013676.2_4201,0.187018483877
lcl|NC_001144.5_cds_NP_013544.1_4078,0.723436355591
lcl|NC_001142.9_cds_NP_012615.3_3186,0.317052841187
lcl|NC_001145.3_cds_NP_014045.1_4559,1.01506912708
lcl|NC_001138.5_cds_NP_116702.1_1848,2.76023626328
lcl|NC_001137.3_cds_NP_010942.1_1550,2.86137413979
lcl|NC_001142.9_cds_NP_012332.1_2923,0.205249473453
lcl|NC_001147.6_cds_NP_014563.1_5060,0.123092122376
lcl|NC_001143.9_cds_NP_012969.1_3520,1.35992252827
lcl|NC_001145.3_cds_NP_013601.1_4130,2.06774115562
lcl|NC_001134.8_cds_NP_009816.1_465,0.279028147459
lcl|NC_001144.5_cds_NP_013552.3_4085,1.75302088261
lcl|NC_001146.8_cds_NP_014117.1_4624,0.153744131327
lcl|NC_001135.5_cds_NP_878058.1_646,0.493066966534
lcl|NC_001146.8_cds_NP_014153.1_4659,0.35706999898
lcl|NC_001143.9_cds_NP_878113.4_3572,0.180840477347
lcl|NC_001147.6_cds_NP_015007.1_5485,1.33356678486
lcl|NC_001142.9_cds_NP_012485.1_3067,1.35945284367
lcl|NC_001144.5_cds_NP_013139.1_3684,1.98084759712
lcl|NC_001137.3_cds_NP_010894.1_1501,0.717264413834
lcl|NC_001144.5_cds_NP_013162.1_3706,11.9726486206
lcl|NC_001144.5_cds_NP_013267.1_3818,0.698092699051
lcl|NC_001146.8_cds_NP_014222.2_4721,0.274493902922
lcl|NC_001137.3_cds_NP_011104.3_1716,3.23017215729
lcl|NC_001148.4_cds_NP_015085.1_5562,0.392679482698
lcl|NC_001146.8_cds_NP_014115.1_4622,0.726648449898
lcl|NC_001148.4_cds_NP_015513.1_5973,1.74811840057
lcl|NC_001144.5_cds_NP_013480.1_4016,0.271269589663
lcl|NC_001144.5_cds_NP_013144.1_3688,3.97240805626
lcl|NC_001143.9_cds_NP_012931.4_3486,0.763585984707
lcl|NC_001143.9_cds_NP_012921.3_3476,0.354620546103
lcl|NC_001134.8_cds_NP_009807.3_455,0.835318684578
lcl|NC_001136.10_cds_NP_010777.3_1393,0.41337198019
lcl|NC_001148.4_cds_NP_015344.1_5813,1.15998005867
lcl|NC_001142.9_cds_NP_012655.3_3225,3.70937848091
lcl|NC_001148.4_cds_NP_015310.1_5780,0.351440280676
lcl|NC_001136.10_cds_NP_010199.1_834,3.09487915039
lcl|NC_001136.10_cds_NP_010138.1_775,1.74198198318
lcl|NC_001136.10_cds_NP_010329.1_955,4.23673582077
lcl|NC_001134.8_cds_NP_009602.1_253,0.672077596188
lcl|NC_001148.4_cds_NP_015341.1_5810,2.57153272629
lcl|NC_001142.9_cds_NP_012454.1_3035,0.386499255896
lcl|NC_001145.3_cds_NP_013999.1_4516,2.12806916237
lcl|NC_001136.10_cds_NP_010716.3_1338,0.502988040447
lcl|NC_001145.3_cds_NP_013632.1_4156,0.7960703969
lcl|NC_001134.8_cds_NP_009694.3_341,0.32520917058
lcl|NC_001142.9_cds_NP_012341.1_2930,0.342085361481
lcl|NC_001136.10_cds_NP_010582.3_1205,0.248357191682
lcl|NC_001139.9_cds_NP_011791.4_2381,0.365319639444
lcl|NC_001143.9_cds_NP_012854.1_3410,0.896717369556
lcl|NC_001147.6_cds_NP_015014.3_5490,10.6172533035
lcl|NC_001136.10_cds_NP_010449.1_1071,0.806984722614
lcl|NC_001144.5_cds_NP_013341.1_3885,0.390754342079
lcl|NC_001143.9_cds_NP_012778.1_3339,0.338327735662
lcl|NC_001142.9_cds_NP_012387.1_2970,0.894254028797
lcl|NC_001139.9_cds_NP_011281.1_1891,0.555126130581
lcl|NC_001139.9_cds_NP_011769.1_2362,0.822239041328
lcl|NC_001135.5_cds_NP_009899.1_547,0.448076158762
lcl|NC_001136.10_cds_NP_076886.3_989,0.339605689049
lcl|NC_001136.10_cds_NP_010498.1_1123,1.93611562252
lcl|NC_001139.9_cds_NP_011421.1_2021,0.476443231106
lcl|NC_001144.5_cds_NP_013359.1_3903,0.940850913525
lcl|NC_001142.9_cds_NP_012456.1_3037,2.74682855606
lcl|NC_001142.9_cds_NP_012596.3_3168,0.214366838336
lcl|NC_001135.5_cds_NP_009996.2_641,0.293298333883
lcl|NC_001135.5_cds_NP_009975.1_623,0.42108759284
lcl|NC_001145.3_cds_NP_013797.1_4317,1.37454259396
lcl|NC_001147.6_cds_NP_014903.1_5387,0.944620192051
lcl|NC_001137.3_cds_NP_010890.3_1497,2.65129899979
lcl|NC_001143.9_cds_NP_012897.3_3450,1.04335093498
lcl|NC_001137.3_cds_NP_011042.3_1651,6.56724786758
lcl|NC_001137.3_cds_NP_011091.1_1702,0.802480340004
lcl|NC_001136.10_cds_NP_010219.1_852,0.906959414482
lcl|NC_001145.3_cds_NP_013688.1_4212,10.1512775421
lcl|NC_001148.4_cds_NP_015256.1_5727,0.490627199411
lcl|NC_001148.4_cds_NP_015515.1_5975,0.487635850906
lcl|NC_001136.10_cds_NP_010532.3_1154,0.3392149508
lcl|NC_001139.9_cds_NP_011605.1_2201,0.385260909796
lcl|NC_001140.6_cds_NP_012057.3_2651,0.249293372035
lcl|NC_001134.8_cds_NP_009576.1_227,1.2824511528
lcl|NC_001146.8_cds_NP_014082.1_4590,0.168740615249
lcl|NC_001144.5_cds_NP_013455.1_3991,0.32165941596
lcl|NC_001144.5_cds_NP_013482.1_4018,2.32369828224
lcl|NC_001142.9_cds_NP_012526.1_3102,1.4097546339
lcl|NC_001144.5_cds_NP_013055.1_3604,11.0167894363
lcl|NC_001145.3_cds_NP_013967.1_4483,0.276255816221
lcl|NC_001139.9_cds_NP_011328.1_1935,2.28343153
lcl|NC_001142.9_cds_NP_012657.1_3227,10.5521850586
lcl|NC_001136.10_cds_NP_010179.1_815,0.217890933156
lcl|NC_001139.9_cds_NP_011467.1_2063,1.62901544571
lcl|NC_001139.9_cds_NP_011326.1_1933,9.15097904205
lcl|NC_001145.3_cds_NP_013817.1_4336,2.16857099533
lcl|NC_001134.8_cds_NP_009590.1_241,2.10566616058
lcl|NC_001140.6_cds_NP_012023.1_2616,0.200021103024
lcl|NC_001136.10_cds_NP_010526.1_1149,0.185980021954
lcl|NC_001139.9_cds_NP_011716.3_2311,0.923493206501
lcl|NC_001148.4_cds_NP_015371.1_5838,0.366053730249
lcl|NC_001135.5_cds_NP_010006.1_652,0.637144804001
lcl|NC_001148.4_cds_NP_015519.1_5979,0.552099108696
lcl|NC_001140.6_cds_NP_012017.1_2610,0.384478241205
lcl|NC_001138.5_cds_NP_116637.1_1782,0.38156118989
lcl|NC_001141.2_cds_NP_012104.1_2700,2.70923614502
lcl|NC_001140.6_cds_NP_012073.1_2668,8.07389259338
lcl|NC_001145.3_cds_NP_013648.1_4172,8.11798095703
lcl|NC_001142.9_cds_NP_012598.1_3170,1.4615418911
lcl|NC_001146.8_cds_NP_014469.1_4962,1.92194497585
lcl|NC_001138.5_cds_NP_116618.1_1763,0.177725255489
lcl|NC_001147.6_cds_NP_014555.1_5053,9.97390174866
lcl|NC_001145.3_cds_NP_013752.1_4276,0.778071701527
lcl|NC_001147.6_cds_NP_014810.1_5300,5.14703845978
lcl|NC_001147.6_cds_NP_014793.1_5282,0.542911291122
lcl|NC_001137.3_cds_NP_010903.3_1510,1.26219701767
lcl|NC_001142.9_cds_NP_012467.1_3049,1.15070295334
lcl|NC_001139.9_cds_NP_011590.1_2186,0.560035347939
lcl|NC_001136.10_cds_NP_010682.3_1309,1.72940170765
lcl|NC_001147.6_cds_NP_014977.3_5455,2.02528500557
lcl|NC_001148.4_cds_NP_015266.1_5738,0.370427459478
lcl|NC_001144.5_cds_NP_013115.1_3660,0.267936676741
lcl|NC_001141.2_cds_NP_012189.2_2786,1.34636545181
lcl|NC_001145.3_cds_NP_013964.1_4480,0.730572521687
lcl|NC_001133.9_cds_NP_009377.2_46,1.57055270672
lcl|NC_001139.9_cds_NP_011400.1_2002,0.755598843098
lcl|NC_001145.3_cds_NP_014016.1_4534,0.187865018845
lcl|NC_001137.3_cds_NP_010875.1_1482,1.02120792866
lcl|NC_001143.9_cds_NP_012779.1_3340,0.665540933609
lcl|NC_001139.9_cds_NP_058162.3_2220,0.506275475025
lcl|NC_001147.6_cds_NP_014800.3_5289,1.05497837067
lcl|NC_001146.8_cds_NP_014353.1_4850,1.60097038746
lcl|NC_001139.9_cds_NP_011548.2_2145,8.41834640503
lcl|NC_001140.6_cds_NP_011967.1_2560,0.453657954931
lcl|NC_001137.3_cds_NP_011090.3_1701,0.17829747498
lcl|NC_001148.4_cds_NP_015294.1_5765,0.681894361973
lcl|NC_001136.10_cds_NP_010086.2_728,1.50110602379
lcl|NC_001137.3_cds_NP_010863.1_1471,2.44537615776
lcl|NC_001144.5_cds_NP_013429.1_3968,7.80862998962
lcl|NC_001147.6_cds_NP_014759.1_5250,1.45813250542
lcl|NC_001148.4_cds_NP_015156.1_5629,0.275450378656
lcl|NC_001148.4_cds_NP_015279.1_5751,0.132559373975
lcl|NC_001146.8_cds_NP_014160.2_4666,2.2162258625
lcl|NC_001139.9_cds_NP_011577.3_2176,0.454485207796
lcl|NC_001136.10_cds_NP_010511.3_1135,6.37464809418
lcl|NC_001136.10_cds_NP_010741.1_1359,2.06516051292
lcl|NC_001136.10_cds_NP_010262.1_888,4.15136861801
lcl|NC_001144.5_cds_NP_013074.1_3621,2.48959422112
lcl|NC_001143.9_cds_NP_012829.1_3387,0.507621705532
lcl|NC_001137.3_cds_NP_010921.1_1528,1.46661865711
lcl|NC_001137.3_cds_NP_010888.1_1495,6.17463493347
lcl|NC_001143.9_cds_NP_013006.3_3556,1.28686368465
lcl|NC_001144.5_cds_NP_013451.1_3988,1.34672176838
lcl|NC_001134.8_cds_NP_009701.3_348,2.71860361099
lcl|NC_001144.5_cds_NP_013558.3_4091,0.25750297308
lcl|NC_001139.9_cds_NP_011542.3_2138,0.232455253601
lcl|NC_001148.4_cds_NP_015203.1_5675,1.00457620621
lcl|NC_001134.8_cds_NP_009811.3_459,1.37370073795
lcl|NC_001144.5_cds_NP_013308.1_3854,0.556637108326
lcl|NC_001146.8_cds_NP_014138.1_4644,0.582995593548
lcl|NC_001144.5_cds_NP_013279.1_3828,0.426408797503
lcl|NC_001139.9_cds_NP_011445.1_2043,0.343549251556
lcl|NC_001145.3_cds_NP_014040.1_4554,2.42360901833
lcl|NC_001134.8_cds_NP_009761.4_410,0.99183100462
lcl|NC_001136.10_cds_NP_010155.1_792,1.1940728426
lcl|NC_001148.4_cds_NP_015235.1_5707,11.1544523239
lcl|NC_001134.8_cds_NP_009575.1_226,1.26438963413
lcl|NC_001138.5_cds_NP_116691.3_1837,0.660894870758
lcl|NC_001143.9_cds_NP_012983.3_3533,5.52361297607
lcl|NC_001136.10_cds_NP_010196.1_830,0.138502150774
lcl|NC_001136.10_cds_NP_010818.1_1432,1.05085098743
lcl|NC_001142.9_cds_NP_012345.1_2934,9.02113246918
lcl|NC_001140.6_cds_NP_011986.1_2579,0.255277872086
lcl|NC_001147.6_cds_NP_014547.1_5044,0.832854807377
lcl|NC_001146.8_cds_NP_014064.1_4574,0.383988380432
lcl|NC_001147.6_cds_NP_014968.1_5448,1.89005470276
lcl|NC_001144.5_cds_NP_013248.1_3788,0.215771943331
lcl|NC_001135.5_cds_NP_009960.2_608,8.43332576752
lcl|NC_001136.10_cds_NP_010308.3_932,7.46855592728
lcl|NC_001147.6_cds_NP_014819.3_5307,0.945836007595
lcl|NC_001140.6_cds_NP_012044.1_2637,14.521323204
lcl|NC_001144.5_cds_NP_013404.1_3945,2.62082791328
lcl|NC_001142.9_cds_NP_012399.1_2982,6.92875766754
lcl|NC_001134.8_cds_NP_009539.2_191,0.11684282124
lcl|NC_001134.8_cds_NP_009712.1_359,1.90706396103
lcl|NC_001136.10_cds_NP_010172.1_808,0.291145473719
lcl|NC_001141.2_cds_NP_012229.1_2826,0.615464150906
lcl|NC_001140.6_cds_NP_011933.1_2525,1.00789606571
lcl|NC_001140.6_cds_NP_011862.1_2452,6.63834953308
lcl|NC_001144.5_cds_NP_013464.3_4000,0.20686134696
lcl|NC_001136.10_cds_NP_010707.3_1330,0.130302146077
lcl|NC_001148.4_cds_NP_015173.1_5647,0.24796269834
lcl|NC_001148.4_cds_NP_015278.1_5750,0.377632290125
lcl|NC_001138.5_cds_NP_116660.1_1805,0.151313558221
lcl|NC_001139.9_cds_NP_011589.3_2185,0.397137105465
lcl|NC_001139.9_cds_NP_011387.2_1989,0.270023792982
lcl|NC_001143.9_cds_NP_012749.1_3315,1.8252491951
lcl|NC_001146.8_cds_NP_014362.3_4859,1.52312767506
lcl|NC_001146.8_cds_NP_014168.1_4673,1.49397587776
lcl|NC_001139.9_cds_NP_011711.3_2306,0.670054614544
lcl|NC_001145.3_cds_NP_013686.1_4210,8.52596569061
lcl|NC_001146.8_cds_NP_014264.1_4762,4.66687679291
lcl|NC_001147.6_cds_NP_014897.1_5381,1.11906421185
lcl|NC_001141.2_cds_NP_012303.1_2899,1.5233091116
lcl|NC_001143.9_cds_NP_012868.1_3425,0.413244694471
lcl|NC_001137.3_cds_NP_010880.3_1487,10.871591568
lcl|NC_001134.8_cds_NP_009758.3_405,0.264705747366
lcl|NC_001140.6_cds_NP_011872.1_2463,1.91122961044
lcl|NC_001146.8_cds_NP_014332.1_4828,8.94510936737
lcl|NC_001134.8_cds_NP_009512.1_162,0.88698631525
lcl|NC_001142.9_cds_NP_012524.3_3101,0.800783395767
lcl|NC_001135.5_cds_NP_009997.2_642,1.02704834938
lcl|NC_001142.9_cds_NP_012651.1_3221,2.25960564613
lcl|NC_001144.5_cds_NP_013313.1_3859,0.387797474861
lcl|NC_001143.9_cds_NP_012927.3_3482,0.723070144653
lcl|NC_001136.10_cds_NP_010363.1_987,0.151885300875
lcl|NC_001141.2_cds_NP_012195.1_2793,8.77613258362
lcl|NC_001146.8_cds_NP_014307.1_4803,0.158046752214
lcl|NC_001141.2_cds_NP_012243.3_2837,0.753446221352
lcl|NC_001136.10_cds_NP_010296.3_921,0.301339030266
lcl|NC_001147.6_cds_NP_014915.3_5398,1.38563978672
lcl|NC_001145.3_cds_NP_014021.1_4538,0.163888350129
lcl|NC_001148.4_cds_NP_015043.1_5521,0.528004229069
lcl|NC_001147.6_cds_NP_014746.2_5237,0.611200153828
lcl|NC_001145.3_cds_NP_013955.1_4470,0.28867828846
lcl|NC_001134.8_cds_NP_009677.1_325,0.217256963253
lcl|NC_001144.5_cds_NP_013300.2_3847,0.234264373779
lcl|NC_001139.9_cds_NP_011803.3_2393,1.97341132164
lcl|NC_001140.6_cds_NP_012061.3_2655,0.166427478194
lcl|NC_001136.10_cds_NP_010208.1_843,8.63402557373
lcl|NC_001139.9_cds_NP_011631.1_2225,1.34094071388
lcl|NC_001147.6_cds_NP_015002.3_5480,0.316503971815
lcl|NC_001148.4_cds_NP_015106.1_5582,3.15879464149
lcl|NC_001140.6_cds_NP_011891.1_2483,2.14806747437
lcl|NC_001136.10_cds_NP_010116.1_756,0.334961235523
lcl|NC_001148.4_cds_NP_015176.1_5650,0.185026496649
lcl|NC_001147.6_cds_NP_014765.3_5255,3.71507883072
lcl|NC_001136.10_cds_NP_010497.3_1122,1.10381877422
lcl|NC_001146.8_cds_NP_014151.1_4657,1.60468363762
lcl|NC_001136.10_cds_NP_010458.3_1081,0.108802914619
lcl|NC_001144.5_cds_NP_013064.1_3611,0.210514724255
lcl|NC_001142.9_cds_NP_012569.1_3143,0.224974140525
lcl|NC_001145.3_cds_NP_013687.1_4211,0.922140538692
lcl|NC_001140.6_cds_NP_011869.1_2459,1.72405707836
lcl|NC_001145.3_cds_NP_013869.1_4388,1.20849001408
lcl|NC_001137.3_cds_NP_011102.3_1713,0.479653120041
lcl|NC_001147.6_cds_NP_014728.1_5221,1.23941063881
lcl|NC_001144.5_cds_NP_013366.1_3910,6.35293245316
lcl|NC_001143.9_cds_NP_012843.1_3400,1.68513202667
lcl|NC_001136.10_cds_NP_010660.1_1284,1.03538751602
lcl|NC_001142.9_cds_NP_012520.1_3097,1.74434745312
lcl|NC_001134.8_cds_NP_009695.2_342,0.398112535477
lcl|NC_001140.6_cds_NP_011936.1_2528,0.433506190777
lcl|NC_001134.8_cds_NP_009527.1_179,0.607618153095
lcl|NC_001137.3_cds_NP_010994.3_1603,0.298306763172
lcl|NC_001146.8_cds_NP_014346.1_4843,1.32614445686
lcl|NC_001134.8_cds_NP_009498.1_149,0.341635018587
lcl|NC_001141.2_cds_NP_012273.1_2868,0.488207012415
lcl|NC_001144.5_cds_NP_013403.1_3944,3.03007793427
lcl|NC_001141.2_cds_NP_012244.3_2838,0.735352933407
lcl|NC_001139.9_cds_NP_011385.3_1987,0.445575237274
lcl|NC_001140.6_cds_NP_011830.1_2417,10.9480142593
lcl|NC_001139.9_cds_NP_011291.1_1901,0.407875984907
lcl|NC_001134.8_cds_NP_009723.3_370,1.2658816576
lcl|NC_001147.6_cds_NP_014602.1_5097,9.02358436584
lcl|NC_001146.8_cds_NP_014098.1_4605,7.01680374146
lcl|NC_001146.8_cds_NP_014419.1_4913,0.411922037601
lcl|NC_001145.3_cds_NP_013969.3_4485,7.76369094849
lcl|NC_001135.5_cds_NP_009877.1_526,1.75479388237
lcl|NC_001138.5_cds_NP_116710.1_1856,0.787397027016
lcl|NC_001136.10_cds_NP_010475.1_1098,1.17453181744
lcl|NC_001139.9_cds_NP_011415.1_2015,0.562304377556
lcl|NC_001145.3_cds_NP_014011.1_4529,0.281425118446
lcl|NC_001147.6_cds_NP_014634.1_5129,0.190217971802
lcl|NC_001139.9_cds_NP_011302.1_1909,0.805071353912
lcl|NC_001136.10_cds_NP_010376.3_1001,3.09747576714
lcl|NC_001143.9_cds_NP_012992.1_3542,1.23896718025
lcl|NC_001136.10_cds_NP_010285.1_910,4.18349695206
lcl|NC_001148.4_cds_NP_015171.1_5644,3.18109107018
lcl|NC_001137.3_cds_NP_011074.3_1684,0.073803730309
lcl|NC_001134.8_cds_NP_009616.1_268,0.522090196609
lcl|NC_001145.3_cds_NP_013814.1_4333,1.10836863518
lcl|NC_001136.10_cds_NP_010315.1_939,3.14037418365
lcl|NC_001141.2_cds_NP_012258.3_2852,0.948563635349
lcl|NC_001147.6_cds_NP_014986.3_5463,2.25660347939
lcl|NC_001142.9_cds_NP_012679.3_3250,7.80404853821
lcl|NC_001136.10_cds_NP_010330.1_956,0.553191661835
