AA,Codon,Mean,Std.Dev,Effective.Samples,2.5%,97.5%
A,GCA,0.184549735288322,0.031480584451476,4075.55626437534,0.122928074250619,0.246209999049703
A,GCC,0.537618896085024,0.036467812834278,2798.93144690737,0.464634320884943,0.608623036245505
A,GCG,0.3017564786762,0.0287069819813362,2308.02365272501,0.245367968454957,0.35759819423159
A,GCT,0,0,0,0,0
C,TGC,-0.172430726576177,0.0581370988859775,4027.13304423688,-0.285135063032309,-0.0577302191406488
C,TGT,0,0,0,0,0
D,GAC,-0.311628870406747,0.022365080515614,4510.89339253111,-0.354777146379153,-0.2676776808997
D,GAT,0,0,0,0,0
E,GAA,-0.184966680134833,0.0304474499086327,4217.50074571483,-0.244415933887164,-0.126577406749129
E,GAG,0,0,0,0,0
F,TTC,-0.678532027316093,0.0410659688658246,4653.33666461447,-0.759931537012259,-0.597048167387644
F,TTT,0,0,0,0,0
G,GGA,1.07817188272476,0.0663714255159903,3712.16626645202,0.951651613910993,1.20798837641875
G,GGC,0.159999439953268,0.0211920216775414,3658.73576089432,0.117364916143318,0.200965047130982
G,GGG,0.88445969568491,0.0529892927727547,2885.40133492817,0.785196497539679,0.990611753861109
G,GGT,0,0,0,0,0
H,CAC,-0.581146002161503,0.0466324893197366,4527.02536125651,-0.672060425082842,-0.489558179924885
H,CAT,0,0,0,0,0
I,ATA,1.25105023196936,0.170206438148134,4208.44607970054,0.930284395813942,1.60073954562346
I,ATC,-0.423240399742126,0.0311671552029579,4026.04811446627,-0.484423860410849,-0.361662252247333
I,ATT,0,0,0,0,0
K,AAA,0.0122262530876601,0.0283836078871583,5001,-0.0452963352203369,0.0661896531780561
K,AAG,0,0,0,0,0
L,CTA,0.333603901050054,0.130088745383375,2282.36997028988,0.0869879654298226,0.598676764965057
L,CTC,-0.220115754684806,0.0700885217528417,1669.47637972718,-0.356311339388291,-0.0828585688645639
L,CTG,-0.687768936473131,0.0527671721062385,1405.21496518185,-0.791372369726499,-0.584079038103421
L,CTT,-0.252240444744192,0.0679750117121474,790.889862495292,-0.384221641967694,-0.117437705708047
L,TTA,0.151074667315486,0.0731247859638997,993.208076064712,0.00885646776296198,0.292328133434057
L,TTG,0,0,0,0,0
N,AAC,-0.748394928991795,0.0394618119599597,4500.67322443541,-0.825683761139711,-0.672320848703384
N,AAT,0,0,0,0,0
P,CCA,-0.127809191703929,0.0437464732109386,2937.65959704634,-0.212617899104953,-0.0417130268799761
P,CCC,0.890689618551731,0.0680583467460999,2638.09145589565,0.758094533284505,1.0255037655433
P,CCG,-0.43286876386404,0.0364503756876392,2027.1139903604,-0.504325218002001,-0.360103931029638
P,CCT,0,0,0,0,0
Q,CAA,0.490043845593929,0.0449977569047408,4341.17609144643,0.405357207606236,0.580871215462685
Q,CAG,0,0,0,0,0
R,AGA,2.33512185657024,0.337450017775514,2330.13605144997,1.73962079981963,3.06025794744492
R,AGG,2.69908890929222,0.427254337288635,2657.89052382284,1.94632684687773,3.60545452038447
R,CGA,1.75140872089863,0.146647559911707,3047.66156427703,1.47574629386266,2.05927164554596
R,CGC,0.413776787084341,0.0301087572002862,2663.99526485361,0.35467841103673,0.472616080194712
R,CGG,2.10266763577461,0.135086203951898,2329.01061772796,1.84454097847144,2.37519508997599
R,CGT,0,0,0,0,0
S,TCA,0.713389351391792,0.0576787344717585,4035.09329395458,0.605639395614465,0.831517778337002
S,TCC,0.088391801944797,0.0322853028314257,4034.62778033895,0.0250648990739137,0.150555769354105
S,TCG,0.735897462153435,0.0510254074187309,2288.63975130576,0.636675737301509,0.835182460149129
S,TCT,0,0,0,0,0
T,ACA,0.881843598949909,0.0645952402494872,3756.87335285893,0.758376865585645,1.00879401365916
T,ACC,0.185925082211196,0.0273538418371466,3928.97667960669,0.132988966628909,0.24041902422905
T,ACG,0.67926891477108,0.0390228857410392,3102.03073581142,0.604786892235279,0.755470327536265
T,ACT,0,0,0,0,0
V,GTA,0.0708526210185402,0.0317702710338181,3755.95963671128,0.00969846002602329,0.132988828544815
V,GTC,0.446832996749878,0.036238846771722,3533.96208741595,0.374232982844114,0.518845261136691
V,GTG,0.389666332232952,0.0292361094168092,2891.63008970007,0.333588129778703,0.446675531069438
V,GTT,0,0,0,0,0
Y,TAC,-0.436944202697277,0.0425783254449404,4543.69042028126,-0.521567884584268,-0.356035740425189
Y,TAT,0,0,0,0,0
Z,AGC,-0.533123266351223,0.0588758181997967,4427.99112748475,-0.647507193684578,-0.419041100392739
Z,AGT,0,0,0,0,0
